nombre|apellido|edad
Basia|Dickson|44
Hilary|Vang|20
Isaac|Frank|47
Roth|Leonard|36
Cedric|Holcomb|19
Idona|Mcneil|27
Cheyenne|Hubbard|25
Piper|Burns|24
Kenneth|Mcdaniel|28
Adrienne|Blankenship|57
Colleen|Levine|52
Laurel|Colon|42
Illiana|Shannon|19
Katelyn|Hancock|22
Ira|Flowers|64
Nita|Harper|46
Hunter|Edwards|64
Cameron|Clark|52
Haviva|Snider|41
Aaron|Serrano|44
Brittany|Oneal|59
Sierra|Crosby|41
Knox|Simmons|20
Elaine|Livingston|52
Lillith|Pollard|63
Boris|Leach|51
Aquila|Benson|33
Nelle|Jennings|65
Velma|Walker|36
Cora|Branch|35
Howard|Tyson|31
Aaron|Salinas|20
Venus|Davenport|30
Kyle|Fuller|20
Shelley|Schultz|44
Astra|Daniels|54
Louis|Watts|27
Chaney|Brennan|42
Kennan|Frazier|62
Stuart|Poole|31
Chandler|Summers|19
Price|Pruitt|29
Cara|Collier|20
Ulric|Salas|59
Ebony|Hughes|55
Kaitlin|Griffith|65
Michael|Hodge|24
Echo|Rios|34
Martena|Winters|49
Jordan|Mcmahon|37
Galvin|Webster|60
Acton|Brewer|27
Patience|Osborn|64
Plato|Trujillo|20
Scarlett|King|31
Iola|Johnson|31
Kelsie|Mccarthy|64
Marshall|Decker|43
Edward|Joyce|43
Kelsey|Mosley|38
Dakota|Daniels|51
Wallace|Reynolds|59
Drake|Harrington|18
Philip|Harrison|59
Jennifer|Franklin|31
Maggie|Marshall|57
Lane|Larson|39
Sierra|Ashley|52
Elmo|Riggs|19
Yasir|Wise|62
Reece|Richards|32
Wade|Duran|41
Noelani|Ballard|62
Ignatius|Mccray|19
Aaron|Heath|39
Miranda|Wilcox|53
Leonard|Clemons|42
Griffin|Vaughan|53
Ezra|Vaughn|53
Iris|Floyd|36
Nathaniel|Shepard|40
Randall|Solis|50
Stacey|Church|20
Harding|Farley|44
Lucas|Gentry|24
Beau|Garcia|26
Mechelle|Robertson|46
Brenden|Meyer|46
Wang|Carson|46
Jerome|Sampson|60
Candice|Molina|49
Kibo|Shepard|18
Margaret|Larson|21
Katell|Garrett|48
Hunter|Lowe|20
Kessie|Leblanc|19
Clio|Knight|27
Scarlett|Parks|46
Quail|Mccormick|32
Sade|Koch|31